day_of_week,hour_of_day,segment,speed_kph_mean,speed_kph_std,0_5_mean,0_5_std
0,0,2471843,110.06333333333333,5.615255339755954,1.7866666666666666,1.2727484108337441
0,0,2471844,109.71,5.70036964124457,1.7866666666666666,1.270117929197568
0,1,2471843,108.64333333333333,5.967816883086784,2.08,1.7117340461695718
0,1,2471844,108.91666666666667,6.068427164407691,2.0866666666666664,1.7269714309449038
0,2,2471843,106.7,4.534888906170071,4.326666666666667,2.385846411489981
0,2,2471844,106.69666666666667,4.575416594394777,4.336666666666667,2.394947766634011
0,3,2471843,108.92333333333333,5.490410206564124,17.523333333333333,9.76459317235632
0,3,2471844,108.9,5.323325336867972,17.54,9.76351134818585
0,4,2471843,109.9,3.9295637890109814,43.376666666666665,16.306269868129352
0,4,2471844,109.76,3.8040288447256856,43.46333333333333,16.315718324272822
0,5,2471843,108.02333333333333,3.788221786436612,59.47666666666667,22.018146716705076
0,5,2471844,107.86,3.7210959654309512,59.54333333333334,22.09484243959037
0,6,2471843,107.13,3.891475118167628,53.593333333333334,18.00393738677678
0,6,2471844,107.02333333333333,3.8556029969976224,53.67666666666667,17.96313920567981
0,7,2471843,105.72,4.044270070276935,37.88666666666666,9.737722166856338
0,7,2471844,105.62,4.15529641473558,38.0,9.744906910912043
0,8,2471843,105.31333333333333,4.036848114294351,34.11,6.402176155946704
0,8,2471844,105.21333333333334,4.029301817022945,34.18,6.462208119463828
0,9,2471843,104.6923076923077,3.878045375166904,37.48829431438127,7.602257928034508
0,9,2471844,104.63545150501672,3.8308462862158184,37.51170568561873,7.571739453787443
0,10,2471843,105.25333333333333,3.9183756559949505,39.17666666666667,7.7260010698069195
0,10,2471844,105.09333333333333,3.909249244343928,39.24,7.7883198715386985
0,11,2471843,105.63666666666667,4.39039566964174,40.68333333333333,7.590461508273667
0,11,2471844,105.66,4.240006941371235,40.71666666666667,7.593985621152425
0,12,2471843,105.76,4.4865909472292245,46.24333333333333,8.774628343360337
0,12,2471844,105.78,4.523990306611454,46.29333333333334,8.776714911496278
0,13,2471843,107.22333333333333,4.314569184330786,56.86333333333334,12.598959009217477
0,13,2471844,107.09,4.337967250478125,56.84,12.575167970978676
0,14,2471843,106.65319865319866,4.039199588425084,56.0,10.347998892591798
0,14,2471844,106.48821548821549,3.9967084236504253,56.08754208754209,10.388683406704766
0,15,2471843,107.61754385964912,3.7544866496594436,52.60701754385965,13.441839501058853
0,15,2471844,107.37543859649122,3.7915900591538247,52.536842105263155,13.43068579702849
0,16,2471843,108.64666666666666,4.356422493901796,35.85,7.787360052587063
0,16,2471844,108.43333333333334,4.302782278947231,35.906666666666666,7.855591849115415
0,17,2471843,109.47666666666667,4.714893738509953,28.836666666666666,5.591141065734741
0,17,2471844,109.47333333333333,4.714876004876487,28.923333333333332,5.625205062532446
0,18,2471843,108.61333333333333,4.236782186977342,23.966666666666665,5.4243556609682075
0,18,2471844,108.40666666666667,4.279681585171624,23.97,5.372022781275391
0,19,2471843,108.97658862876254,4.417337760150655,19.836120401337794,5.030434187988455
0,19,2471844,108.8628762541806,4.251086685557651,19.846153846153847,5.032419420574373
0,20,2471843,109.77666666666667,4.516057070102606,16.856666666666666,5.473816258974378
0,20,2471844,109.25666666666666,4.967868888487259,16.846666666666668,5.441985505588227
0,21,2471843,110.55333333333333,4.569839566963093,9.556666666666667,3.263273212961231
0,21,2471844,109.97,5.055785784590313,9.54,3.2614706246494842
0,22,2471843,108.39666666666666,5.456975734731996,4.463333333333333,2.025420941150686
0,22,2471844,107.97333333333333,5.4471577279592704,4.443333333333333,2.047950820723624
0,23,2471843,105.05666666666667,4.646729589199186,2.41,1.8493151584259364
0,23,2471844,105.25666666666666,4.685149336278727,2.42,1.8623895895535905
1,0,2471843,106.72,5.388107801967107,2.066666666666667,1.4819613987934832
1,0,2471844,106.59,5.315016274040087,2.0633333333333335,1.4854890827396496
1,1,2471843,104.99,6.11292014033722,2.6533333333333333,1.7973844492531204
1,1,2471844,104.91666666666667,5.985745795748993,2.6633333333333336,1.815021551662372
1,2,2471843,104.01666666666667,5.401881459259223,4.333333333333333,2.444478226853485
1,2,2471844,104.11,5.458070640533782,4.333333333333333,2.4540367853876344
1,3,2471843,108.77333333333333,4.721184969256692,18.823333333333334,9.327134627351784
1,3,2471844,108.52,4.734022591799235,18.82,9.296001945670678
1,4,2471843,109.46,3.7792427264313515,48.93666666666667,10.269576568610344
1,4,2471844,109.35333333333334,3.6769855813479007,49.00333333333333,10.284741541923625
1,5,2471843,100.56666666666666,19.65995766373932,68.25333333333333,9.771767856724178
1,5,2471844,100.33666666666667,19.901176976224757,68.22333333333333,9.840540789627875
1,6,2471843,96.93311036789298,26.44156925351537,60.00334448160535,10.840050746481928
1,6,2471844,96.60535117056857,26.907586779613673,59.96655518394649,10.818463206348309
1,7,2471843,104.43666666666667,7.575659991263668,45.46333333333333,7.45703337200926
1,7,2471844,104.32333333333334,7.483233581704502,45.50333333333333,7.497378954865837
1,8,2471843,104.61333333333333,4.153874230880792,38.3,6.449443210522326
1,8,2471844,104.45,4.196769740429016,38.24,6.425471886422872
1,9,2471843,104.1371237458194,3.842266671628985,36.8561872909699,6.234461504146414
1,9,2471844,103.93979933110369,3.8846265521320915,36.8494983277592,6.284162319371234
1,10,2471843,104.81666666666666,3.8660327970044315,42.46333333333333,6.866280525125764
1,10,2471844,104.68333333333334,3.8858790178491263,42.53333333333333,6.850204856606878
1,11,2471843,105.24418604651163,3.8588387700618534,42.76744186046512,6.751610400454495
1,11,2471844,105.04651162790698,3.846643235422596,42.7906976744186,6.744597283362944
1,12,2471843,105.62777777777778,3.753595202219221,48.5,9.149333659162577
1,12,2471844,105.43888888888888,3.6864033681399837,48.519444444444446,9.148095055504026
1,13,2471843,106.39444444444445,3.7727910539463805,64.24722222222222,11.121386111059165
1,13,2471844,106.21111111111111,3.9999845248849466,64.30833333333334,11.204701435640231
1,14,2471843,102.44166666666666,12.646993653353611,63.394444444444446,13.204201754751853
1,14,2471844,102.02222222222223,13.060158878154,63.40555555555556,13.221573163015906
1,15,2471843,106.89722222222223,3.90956160306953,61.730555555555554,9.817110849361939
1,15,2471844,106.6138888888889,3.8781333115364744,61.81388888888889,9.863769917190046
1,16,2471843,108.1,4.1107237974930575,41.96666666666667,12.629011125403718
1,16,2471844,107.99722222222222,4.023260094614794,41.97222222222222,12.591251574720006
1,17,2471843,108.93055555555556,5.003971650701826,29.655555555555555,6.356031261348049
1,17,2471844,108.64444444444445,4.985910200369929,29.72222222222222,6.416861107160226
1,18,2471843,107.77222222222223,4.328219967167162,23.663888888888888,6.125505051215505
1,18,2471844,107.42222222222222,4.290892805079833,23.733333333333334,6.1364248798797085
1,19,2471843,108.70833333333333,4.4995744150346635,21.375,5.048062867938843
1,19,2471844,108.50555555555556,4.4207628908701935,21.391666666666666,5.057820277649534
1,20,2471843,110.52222222222223,3.925426798370528,17.969444444444445,5.348746732880878
1,20,2471844,110.43888888888888,3.898666136999552,17.97222222222222,5.365141337008616
1,21,2471843,109.02228412256268,4.378662625542489,10.147632311977716,4.046922924953879
1,21,2471844,108.57103064066852,4.390803848046445,10.147632311977716,4.039323290670207
1,22,2471843,108.19722222222222,4.895850446442755,4.611111111111111,2.834111532215162
1,22,2471844,107.71944444444445,4.91619570317243,4.608333333333333,2.8391291967961365
1,23,2471843,106.63888888888889,6.624647056464008,2.5555555555555554,1.8933168555653692
1,23,2471844,106.24166666666666,6.678860134929451,2.5527777777777776,1.8815903471803561
2,0,2471843,105.425,4.75645727342019,2.316666666666667,1.5476642478119833
2,0,2471844,105.07222222222222,4.946544958421845,2.327777777777778,1.527211143901304
2,1,2471843,102.63888888888889,7.204736826927139,2.441666666666667,1.9795437137793224
2,1,2471844,101.81388888888888,7.178684510187928,2.438888888888889,1.996274772700724
2,2,2471843,104.31111111111112,5.1833125091014125,4.905555555555556,2.583852195774157
2,2,2471844,103.84166666666667,5.092453042928224,4.897222222222222,2.5678520457286274
2,3,2471843,107.96111111111111,4.9005302298405375,18.105555555555554,8.822923562623167
2,3,2471844,107.90277777777777,5.031819980699604,18.147222222222222,8.81237374270522
2,4,2471843,109.86944444444444,3.6720975649011436,46.775,11.177072508520473
2,4,2471844,109.56666666666666,3.6658478025445347,46.91388888888889,11.2592061441283
2,5,2471843,108.25833333333334,3.7248600205513713,65.58055555555555,10.597953222385382
2,5,2471844,108.18333333333334,3.7867603987509897,65.63888888888889,10.65632477990972
2,6,2471843,107.29444444444445,3.8519932578064466,62.083333333333336,9.521343857772324
2,6,2471844,107.18055555555556,3.7857907218522566,62.147222222222226,9.537084518887111
2,7,2471843,105.98611111111111,4.015613869740359,43.31111111111111,6.91837719784682
2,7,2471844,105.93611111111112,4.001925217595897,43.40277777777778,6.909401213675338
2,8,2471843,104.1,4.029971280750878,37.78333333333333,6.661555608097647
2,8,2471844,104.125,3.9117617799197864,37.84166666666667,6.721266088118966
2,9,2471843,104.875,4.076351733356556,40.041666666666664,7.091596305597202
2,9,2471844,104.74722222222222,3.9615130414048467,40.03333333333333,7.084370179179973
2,10,2471843,105.325,4.183458272742441,43.55555555555556,7.136724608012402
2,10,2471844,105.18888888888888,4.218659820843436,43.62777777777778,7.11468374933044
2,11,2471843,105.25779036827196,3.643776246002172,43.657223796033996,7.378855709998508
2,11,2471844,105.09348441926346,3.616532042926236,43.72237960339943,7.404849685635455
2,12,2471843,106.0,4.009042703480307,50.18888888888889,8.362463477909769
2,12,2471844,105.86111111111111,3.9555523388230793,50.208333333333336,8.430177752333169
2,13,2471843,106.6361111111111,3.970409546298189,66.64166666666667,11.484611843340659
2,13,2471844,106.53055555555555,3.9606926214329286,66.70833333333333,11.514841458576665
2,14,2471843,104.94986072423399,9.412504682280685,63.08635097493036,12.28892437708631
2,14,2471844,104.59888579387187,9.837256673829799,63.22562674094708,12.212586720126142
2,15,2471843,105.56424581005587,14.208138901849685,61.42178770949721,11.22114226671833
2,15,2471844,105.21508379888269,14.589090600814856,61.41620111731844,11.286067119163436
2,16,2471843,108.33888888888889,7.829779513495872,41.97222222222222,9.329577105933007
2,16,2471844,107.68888888888888,9.384565583200528,42.016666666666666,9.379034879166621
2,17,2471843,110.55,4.583213892256471,29.79722222222222,6.702221230400545
2,17,2471844,110.41111111111111,4.581407124574483,29.805555555555557,6.704754245720886
2,18,2471843,110.31388888888888,4.613632021878464,26.336111111111112,6.6324790769577975
2,18,2471844,110.15555555555555,4.539915479343098,26.391666666666666,6.625639192373889
2,19,2471843,110.43333333333334,5.007626495634152,21.605555555555554,6.052690851420218
2,19,2471844,110.31111111111112,4.730967015449272,21.61111111111111,6.029536296780519
2,20,2471843,110.6361111111111,4.5128509032016675,19.122222222222224,5.135116476947405
2,20,2471844,110.32222222222222,4.53357091517923,19.141666666666666,5.116953905420195
2,21,2471843,109.37777777777778,4.339564122696222,12.358333333333333,3.892988841108031
2,21,2471844,109.18055555555556,4.350027659403267,12.369444444444444,3.914071425287634
2,22,2471843,109.06388888888888,4.837622564520341,6.430555555555555,3.2960953893730824
2,22,2471844,108.80277777777778,4.636357836651198,6.433333333333334,3.298687170277557
2,23,2471843,106.97222222222223,6.380620515886373,3.066666666666667,2.2344479542310074
2,23,2471844,106.01944444444445,6.854407907944553,3.0527777777777776,2.240422029372989
3,0,2471843,107.025,6.920313443880985,2.075,1.6428921776917962
3,0,2471844,106.66944444444445,6.818715823699515,2.075,1.6411958069895933
3,1,2471843,106.44166666666666,6.266765813435644,2.658333333333333,1.9527674812057367
3,1,2471844,106.10555555555555,6.296744724019528,2.6555555555555554,1.9515645383442515
3,2,2471843,106.00555555555556,6.27680633289236,4.225,2.4121183145175933
3,2,2471844,105.65555555555555,6.427935395672854,4.247222222222222,2.426063918021068
3,3,2471843,109.74722222222222,5.326131831333275,15.869444444444444,8.880021062123522
3,3,2471844,109.44444444444444,5.358171041034708,15.866666666666667,8.88703478032068
3,4,2471843,110.43611111111112,4.02932514914549,41.797222222222224,17.882952559978943
3,4,2471844,110.325,4.106851059722151,41.852777777777774,17.887858444420857
3,5,2471843,107.90833333333333,3.4713210220149624,59.43611111111111,23.982731168596462
3,5,2471844,107.86944444444444,3.419941474718291,59.47222222222222,23.96188490489856
3,6,2471843,104.25555555555556,9.428589382332746,56.105555555555554,20.250656916260287
3,6,2471844,103.72777777777777,10.552867598268255,56.06388888888889,20.187390266735598
3,7,2471843,106.24722222222222,3.847003399971648,42.09166666666667,10.325614498093142
3,7,2471844,106.01944444444445,4.03910684330243,42.16111111111111,10.264015562882063
3,8,2471843,104.91388888888889,4.462886432338849,38.23888888888889,7.103189984379821
3,8,2471844,104.84722222222223,4.410230327117114,38.236111111111114,7.087776475289306
3,9,2471843,105.08888888888889,4.202120288376096,38.11944444444445,6.860703953926525
3,9,2471844,105.04722222222222,4.1772020937579075,38.141666666666666,6.845240096425826
3,10,2471843,105.54722222222222,4.523290770376883,41.38055555555555,7.595788286313562
3,10,2471844,105.52777777777777,4.447064764551746,41.40833333333333,7.568990946977789
3,11,2471843,105.49333333333334,4.126343570251362,42.49333333333333,7.0750838577505855
3,11,2471844,105.37,4.200625053027276,42.51,6.99951503336775
3,12,2471843,106.92333333333333,4.575358116607505,48.33,10.383343041093754
3,12,2471844,106.79666666666667,4.513301288112709,48.32,10.299085909368943
3,13,2471843,107.32666666666667,4.221297596737643,58.693333333333335,15.089896359131185
3,13,2471844,107.16333333333333,4.293183781160358,58.723333333333336,15.164431702234264
3,14,2471843,106.03010033444816,5.421412028167665,53.35451505016722,21.5447420674736
3,14,2471844,105.80267558528428,5.536746633811166,53.4314381270903,21.621309436533966
3,15,2471843,108.03333333333333,4.202112331798427,54.303333333333335,16.589414833076606
3,15,2471844,107.68333333333334,4.2437901383098176,54.20333333333333,16.577233518472717
3,16,2471843,109.67666666666666,3.973842847775738,38.72666666666667,12.371559069153765
3,16,2471844,109.51,4.01875619287767,38.803333333333335,12.457203885746544
3,17,2471843,110.94,4.38564090571106,33.093333333333334,10.090789645734878
3,17,2471844,110.71666666666667,4.3102571397685,33.156666666666666,10.11929457180649
3,18,2471843,110.17666666666666,4.917934099624531,29.236666666666668,10.02908757302379
3,18,2471844,109.73333333333333,5.038536001560271,29.236666666666668,10.081307691537848
3,19,2471843,111.00666666666666,4.379179481591903,25.583333333333332,8.26826885074396
3,19,2471844,110.61333333333333,4.397911737144622,25.566666666666666,8.20181615148935
3,20,2471843,111.47333333333333,3.943915624994931,21.223333333333333,7.275752708860472
3,20,2471844,111.28,3.8753487274305174,21.226666666666667,7.310272853059329
3,21,2471843,111.23,4.420660674907719,13.103333333333333,5.081212251886152
3,21,2471844,110.90666666666667,4.547551315316884,13.136666666666667,5.091601277343606
3,22,2471843,110.26333333333334,4.030899327302162,6.8933333333333335,3.6505310314520276
3,22,2471844,109.60666666666667,4.130637089453818,6.94,3.668048791905491
3,23,2471843,104.88333333333334,7.445884290338219,3.4166666666666665,2.2553664480386972
3,23,2471844,105.02333333333333,7.393578671667469,3.3933333333333335,2.2514110526472417
4,0,2471843,106.33,5.121379543452486,2.513333333333333,1.493516273234726
4,0,2471844,106.18666666666667,4.671677513648321,2.526666666666667,1.5155676736678936
4,1,2471843,108.98,4.887318926326108,3.033333333333333,2.07361725428774
4,1,2471844,108.74333333333334,4.861023973312545,3.04,2.0783322359389858
4,2,2471843,105.10333333333334,5.325459977202429,4.673333333333333,2.595330684149745
4,2,2471844,105.21666666666667,4.908158748099329,4.673333333333333,2.599193769175606
4,3,2471843,109.12,5.525156817641629,14.796666666666667,8.127865415322
4,3,2471844,109.02333333333333,5.543032224607058,14.87,8.164268753595538
4,4,2471843,109.88,4.228300891385765,35.99333333333333,12.425562531987971
4,4,2471844,109.71,4.1750052570411285,36.04,12.475463543910962
4,5,2471843,105.83333333333333,15.098745951897964,51.52,14.138218797614877
4,5,2471844,105.52666666666667,15.259712260824777,51.59,14.219089575679732
4,6,2471843,107.54,3.8857083134211137,54.016666666666666,10.707562524040801
4,6,2471844,107.36666666666666,3.940046799828439,54.093333333333334,10.717314261144411
4,7,2471843,105.38,3.896091858847174,42.52333333333333,7.849511981649293
4,7,2471844,105.28666666666666,3.8332058531466213,42.60666666666667,7.79666052057756
4,8,2471843,104.46333333333334,4.254683300652561,41.32,9.01787151654775
4,8,2471844,104.45666666666666,4.16243620243642,41.4,8.980841741988828
4,9,2471843,104.44,4.340799673564776,44.28333333333333,7.1521722187770145
4,9,2471844,104.28,4.390808276891022,44.306666666666665,7.111577697438959
4,10,2471843,105.25,4.0615045731838455,46.88,7.436617348766386
4,10,2471844,105.16333333333333,4.0020883623122,46.93666666666667,7.430344695674895
4,11,2471843,105.90333333333334,4.085293252479125,48.93666666666667,8.500599362434647
4,11,2471844,105.80333333333333,4.148335148454365,48.986666666666665,8.489605422100919
4,12,2471843,106.89,4.285532166858298,53.25666666666667,10.048250927960538
4,12,2471844,106.73666666666666,4.271785269280868,53.333333333333336,10.081717395415604
4,13,2471843,107.42666666666666,3.8791901141899348,63.7,13.22976779285421
4,13,2471844,107.34666666666666,3.896635486665646,63.68666666666667,13.189453913538133
4,14,2471843,107.78,3.8262777392385674,56.71,8.230738130157226
4,14,2471844,107.68333333333334,3.846953651511609,56.75333333333333,8.235201923731907
4,15,2471843,108.51666666666667,3.9099036703299697,57.193333333333335,11.740332487281979
4,15,2471844,108.35666666666667,3.870321284472264,57.2,11.706842752171926
4,16,2471843,109.51333333333334,4.292385210058307,43.78333333333333,8.892316902164325
4,16,2471844,109.46666666666667,4.296170289075059,43.79,8.851387284272857
4,17,2471843,110.83680555555556,4.014490244134088,34.02430555555556,6.525967924820642
4,17,2471844,110.49305555555556,4.202200398841636,34.135416666666664,6.4769004583240495
4,18,2471843,110.41666666666667,4.729650678111394,28.758333333333333,5.125203673198878
4,18,2471844,110.02916666666667,4.697901175341768,28.841666666666665,5.181227513776235
4,19,2471843,110.02083333333333,4.353085681580993,22.4,5.827219350226019
4,19,2471844,109.8875,4.344940066801898,22.429166666666667,5.789470977390544
4,20,2471843,109.84583333333333,4.5625801229089324,21.083333333333332,6.366206983193302
4,20,2471844,109.92083333333333,4.330245788792232,21.0625,6.374000044637407
4,21,2471843,109.21666666666667,3.7920492320068573,16.729166666666668,5.480049717780349
4,21,2471844,108.84166666666667,4.186041425654343,16.7375,5.44215011810128
4,22,2471843,109.87083333333334,4.7493650019657165,10.45,3.888293771293887
4,22,2471844,109.4875,4.8491738933243775,10.4375,3.870855862028772
4,23,2471843,108.27916666666667,7.310305625642943,7.220833333333333,2.979213786189484
4,23,2471844,108.64166666666667,5.528618330248717,7.15,2.9815331205529096
5,0,2471843,109.95833333333333,5.31579447032775,4.004166666666666,2.613927801128382
5,0,2471844,109.2875,5.386781628949855,4.008333333333334,2.6002762432371793
5,1,2471843,108.09166666666667,6.161692743203432,3.7666666666666666,2.1772245713363345
5,1,2471844,107.49583333333334,6.145378177363652,3.775,2.1896007545749403
5,2,2471843,108.25,4.6613338727024605,3.275,1.9121391556650933
5,2,2471844,108.07916666666667,4.651672589516141,3.279166666666667,1.9104380024558079
5,3,2471843,109.0625,4.040621405045523,4.966666666666667,2.2867028147315027
5,3,2471844,108.35833333333333,4.5726050426285125,4.9625,2.3003206070888234
5,4,2471843,110.24166666666666,5.0619523138149125,10.604166666666666,5.269870082212946
5,4,2471844,109.67916666666666,5.118796207748219,10.583333333333334,5.2551362933463235
5,5,2471843,109.57916666666667,5.59531178282331,14.7875,5.813763247349715
5,5,2471844,109.24166666666666,5.503130844659699,14.833333333333334,5.913368067082598
5,6,2471843,108.375,3.7126099718859886,19.495833333333334,8.345568772174959
5,6,2471844,108.17916666666666,3.533045335753693,19.520833333333332,8.353060680589618
5,7,2471843,108.9625,3.90722027698555,29.945833333333333,10.141322698785038
5,7,2471844,108.77083333333333,3.696880870807555,29.995833333333334,10.16495658617804
5,8,2471843,108.66666666666667,3.9214746891694126,34.825,8.473599167130118
5,8,2471844,108.4625,3.9977307893897995,34.770833333333336,8.42848225424847
5,9,2471843,108.94583333333334,3.8346012395901927,35.025,9.277644431237311
5,9,2471844,108.80416666666666,3.8036515341217223,35.05833333333333,9.258081019099277
5,10,2471843,109.26666666666667,3.577552828385408,37.229166666666664,9.455112148788329
5,10,2471844,109.075,3.4632862232907007,37.2125,9.418259328910569
5,11,2471843,109.14166666666667,3.743436841504331,41.97083333333333,10.723765464899198
5,11,2471844,108.94583333333334,3.752988116786674,41.9375,10.736880190926485
5,12,2471843,109.775,3.696571972985838,40.225,9.451007783149631
5,12,2471844,109.44583333333334,3.7524306395086886,40.275,9.4757673759974
5,13,2471843,110.25416666666666,3.8243307360635748,37.59583333333333,8.811317331147555
5,13,2471844,109.975,3.781617063514331,37.675,8.873978225111275
5,14,2471843,110.11666666666666,3.6411946481656057,34.525,9.049341731532662
5,14,2471844,109.83333333333333,3.6092241967838428,34.5125,9.09134548686311
5,15,2471843,110.21666666666667,3.9752020728792092,39.9625,12.860477957892513
5,15,2471844,109.87083333333334,4.040069095753912,39.979166666666664,12.874173139688763
5,16,2471843,110.30833333333334,5.143620712171891,29.0125,8.911691934648283
5,16,2471844,109.82916666666667,5.49476579896678,29.016666666666666,8.89829407122307
5,17,2471843,112.84166666666667,4.065356923778365,26.183333333333334,6.8851709347377765
5,17,2471844,112.5625,4.138331127257519,26.241666666666667,6.9281981975830496
5,18,2471843,112.2875,4.078293648022166,23.395833333333332,5.5279418920665355
5,18,2471844,111.99166666666666,4.068443378028401,23.433333333333334,5.508051669498327
5,19,2471843,112.425,4.156282737310904,22.325,5.958240311959794
5,19,2471844,112.29166666666667,4.07953527859005,22.3625,5.960631828855326
5,20,2471843,111.17083333333333,3.540557501270776,22.883333333333333,5.101781349961727
5,20,2471844,110.99166666666666,3.652237998663863,22.833333333333332,5.061683668707888
5,21,2471843,112.00763358778626,4.065547581477589,19.16412213740458,4.782608478897258
5,21,2471844,111.58778625954199,3.9738035458244063,19.19083969465649,4.802002302387493
5,22,2471843,112.39,4.388861700191903,12.513333333333334,4.7467456433748945
5,22,2471844,112.06,4.403145728645861,12.526666666666667,4.730455890503106
5,23,2471843,111.20666666666666,4.5694882607837375,8.143333333333333,3.3962583517051987
5,23,2471844,111.31666666666666,3.6844229031586395,8.146666666666667,3.412326007994892
6,0,2471843,113.07333333333334,3.8822065005955557,6.066666666666666,2.7313776074238936
6,0,2471844,112.62666666666667,3.982481145694007,6.066666666666666,2.712948430430652
6,1,2471843,112.19333333333333,5.08219617377349,3.67,2.1282696663193916
6,1,2471844,111.69,5.138929394117594,3.6666666666666665,2.1363760352762258
6,2,2471843,111.48333333333333,4.213736362898009,2.716666666666667,1.6427775104127609
6,2,2471844,111.01333333333334,4.24813422223482,2.72,1.638255046890504
6,3,2471843,111.60333333333334,4.596711295917513,3.62,1.9871493506543534
6,3,2471844,111.38333333333334,4.27206711248793,3.6066666666666665,1.9828585381117745
6,4,2471843,111.02333333333333,3.664361797115024,6.266666666666667,2.9332978613442555
6,4,2471844,110.8,3.6758272110667467,6.286666666666667,2.9552666363395637
6,5,2471843,112.58666666666667,4.268084351986787,7.16,2.8708662298510195
6,5,2471844,112.25666666666666,4.692995088272609,7.18,2.8963591491854457
6,6,2471843,110.51666666666667,4.200221632417395,9.14,4.073784366353374
6,6,2471844,110.36666666666666,4.226713369579731,9.143333333333333,4.072436373426551
6,7,2471843,109.89333333333333,3.920014105951452,16.286666666666665,5.264046876750274
6,7,2471844,109.55,3.919017179367028,16.28,5.219105626939401
6,8,2471843,109.56,3.992434316626301,23.85,6.869604906536207
6,8,2471844,109.25,3.969890860567322,23.883333333333333,6.892125472885866
6,9,2471843,110.03666666666666,3.434332203086858,29.23,7.2016186400551145
6,9,2471844,109.74,3.5100048118577036,29.24,7.20477359406984
6,10,2471843,109.75666666666666,3.3518510169289835,34.56333333333333,8.123173150252644
6,10,2471844,109.51333333333334,3.3487114612026816,34.61,8.133783135395571
6,11,2471843,110.29666666666667,3.620176027551299,37.66,7.060019801577203
6,11,2471844,110.09,3.6523552670373522,37.68333333333333,7.0594505235561575
6,12,2471843,110.86,3.5206604731533044,36.17666666666667,7.411831061745025
6,12,2471844,110.60666666666667,3.5956061381298983,36.21333333333333,7.481604344487023
6,13,2471843,111.03,3.450912341196468,34.373333333333335,5.920370894404611
6,13,2471844,110.68666666666667,3.6192289625231115,34.38333333333333,5.932427936883003
6,14,2471843,110.65666666666667,3.4542575477579898,31.366666666666667,7.209169807956765
6,14,2471844,110.29666666666667,3.27583463115246,31.39,7.206316905637829
6,15,2471843,110.79,3.964630413340096,31.64,6.198802344136502
6,15,2471844,110.65333333333334,3.9587955782438797,31.636666666666667,6.189698169835735
6,16,2471843,111.76333333333334,3.9326251653562054,26.923333333333332,6.561577800575015
6,16,2471844,111.57333333333334,3.910959930864159,27.046666666666667,6.583486655567525
6,17,2471843,113.17333333333333,3.5153683930257587,27.06,5.934683498504766
6,17,2471844,113.00666666666666,3.492939206919141,27.046666666666667,5.9421251861587505
6,18,2471843,112.29666666666667,3.571813038710249,25.906666666666666,7.810332464085901
6,18,2471844,111.90666666666667,3.6029468924648267,25.933333333333334,7.783153634004918
6,19,2471843,111.88,4.029855139018217,22.016666666666666,6.151628293204005
6,19,2471844,111.52,4.055171354667895,22.03,6.116136341336696
6,20,2471843,111.19666666666667,4.517301065749067,16.003333333333334,5.614421428977593
6,20,2471844,110.90333333333334,4.547849161476298,16.053333333333335,5.604330225800548
6,21,2471843,110.61666666666666,4.677891024490881,9.926666666666666,3.6486065818133553
6,21,2471844,110.41333333333333,4.864981916965052,9.893333333333333,3.663334860007207
6,22,2471843,110.87,4.8791173334095195,5.17,2.5170522123040833
6,22,2471844,110.68333333333334,4.7964997921828605,5.18,2.5063664755376456
6,23,2471843,110.01,5.023346830343942,2.796666666666667,1.8709150969214288
6,23,2471844,109.65333333333334,5.070719496243859,2.77,1.8678139888623722
